Rank,Player,Age,Tm,First,Pts Won,Pts Max,Share,G,MP,PTS,TRB,AST,STL,BLK,FG%,3P%,FT%,WS,WS/48,DWS,DBPM,DRtg,-9999
1,Marcus Smart,27,BOS,37.0,257.0,500,0.514,71,32.3,12.1,3.8,5.9,1.7,0.3,.418,.331,.793,5.6,.116,3.7,1.7,107,smartma01
2,Mikal Bridges,25,PHO,22.0,202.0,500,0.404,82,34.8,14.2,4.2,2.3,1.2,0.4,.534,.369,.834,8.9,.150,3.7,1.1,110,bridgmi01
3,Rudy Gobert,29,UTA,12.0,136.0,500,0.272,66,32.1,15.6,14.7,1.1,0.7,2.1,.713,.000,.690,11.7,.264,4.3,1.7,103,goberru01
4,Bam Adebayo,24,MIA,13.0,128.0,500,0.256,56,32.6,19.1,10.1,3.4,1.4,0.8,.557,.000,.753,7.2,.188,3.5,2.1,104,adebaba01
5,Jaren Jackson Jr.,22,MEM,10.0,99.0,500,0.198,78,27.3,16.3,5.8,1.1,0.9,2.3,.415,.319,.823,5.4,.121,3.7,0.8,106,jacksja02
6,Giannis Antetokounmpo,27,MIL,5.0,58.0,500,0.116,67,32.9,29.9,11.6,5.8,1.1,1.4,.553,.293,.722,12.9,.281,3.7,3.5,106,antetgi01
7,Robert Williams,24,BOS,1.0,8.0,500,0.016,61,29.6,10.0,9.6,2.0,0.9,2.2,.736,.000,.722,9.9,.262,3.9,3.1,102,williro04
8,Jrue Holiday,31,MIL,0.0,6.0,500,0.012,67,33.0,18.3,4.5,6.8,1.6,0.4,.501,.411,.761,6.9,.150,2.4,0.3,112,holidjr01
9,Al Horford,35,BOS,0.0,3.0,500,0.006,69,29.1,10.2,7.7,3.4,0.7,1.3,.467,.336,.842,7.6,.181,3.8,2.9,104,horfoal01
10,Draymond Green,31,GSW,0.0,2.0,500,0.004,46,28.9,7.5,7.3,7.0,1.3,1.1,.525,.296,.659,3.6,.131,2.8,4.6,103,greendr01
11,Matisse Thybulle,24,PHI,0.0,1.0,500,0.002,66,25.5,5.7,2.3,1.1,1.7,1.1,.500,.313,.791,3.7,.107,2.5,3.3,108,thybuma01
1,Rudy Gobert,28,UTA,84.0,464.0,500,0.928,71,30.8,14.3,13.5,1.3,0.6,2.7,.675,.000,.623,11.3,.248,5.2,2.8,101,goberru01
2,Ben Simmons,24,PHI,15.0,287.0,500,0.574,58,32.4,14.3,7.2,6.9,1.6,0.6,.557,.300,.613,6.0,.153,3.3,2.2,106,simmobe01
3,Draymond Green,30,GSW,0.0,76.0,500,0.152,63,31.5,7.0,7.1,8.9,1.7,0.8,.447,.270,.795,4.6,.112,3.4,3.3,106,greendr01
4,Bam Adebayo,23,MIA,1.0,31.0,500,0.062,64,33.5,18.7,9.0,5.4,1.2,1.0,.570,.250,.799,8.8,.197,3.2,2.0,108,adebaba01
5,Giannis Antetokounmpo,26,MIL,0.0,12.0,500,0.024,61,33.0,28.1,11.0,5.9,1.2,1.2,.569,.303,.685,10.2,.244,3.3,2.8,107,antetgi01
6,Clint Capela,26,ATL,0.0,10.0,500,0.020,63,30.1,15.2,14.3,0.8,0.7,2.0,.594,,.573,8.2,.207,3.3,0.0,106,capelca01
7,Joel Embiid,26,PHI,0.0,7.0,500,0.014,51,31.1,28.5,10.6,2.8,1.0,1.4,.513,.377,.859,8.8,.266,3.2,1.2,104,embiijo01
8,Jrue Holiday,30,MIL,0.0,6.0,500,0.012,59,32.3,17.7,4.5,6.1,1.6,0.6,.503,.392,.787,6.6,.165,2.2,0.6,111,holidjr01
9,Myles Turner,24,IND,0.0,3.0,500,0.006,47,31.0,12.6,6.5,1.0,0.9,3.4,.477,.335,.782,3.3,.110,2.2,2.0,108,turnemy01
10,Jimmy Butler,31,MIA,0.0,2.0,500,0.004,52,33.6,21.5,6.9,7.1,2.1,0.3,.497,.245,.863,9.3,.255,2.7,2.3,108,butleji01
11T,Kentavious Caldwell-Pope,27,LAL,0.0,1.0,500,0.002,67,28.4,9.7,2.7,1.9,0.9,0.4,.431,.410,.866,4.2,.107,2.6,1.0,109,caldwke01
11T,Matisse Thybulle,23,PHI,0.0,1.0,500,0.002,65,20.0,3.9,1.9,1.0,1.6,1.1,.420,.301,.444,2.8,.102,2.7,4.5,103,thybuma01
1,Giannis Antetokounmpo,25,MIL,75.0,432.0,500,0.864,63,30.4,29.5,13.6,5.6,1.0,1.0,.553,.304,.633,11.1,.279,5.0,4.1,97,antetgi01
2,Anthony Davis,26,LAL,14.0,200.0,500,0.400,62,34.4,26.1,9.3,3.2,1.5,2.3,.503,.330,.846,11.1,.250,4.4,2.6,102,davisan02
3,Rudy Gobert,27,UTA,6.0,187.0,500,0.374,68,34.3,15.1,13.5,1.5,0.8,2.0,.693,,.630,10.7,.221,4.2,1.9,104,goberru01
4,Ben Simmons,23,PHI,1.0,32.0,500,0.064,57,35.4,16.4,7.8,8.0,2.1,0.6,.580,.286,.621,6.9,.165,3.1,2.3,106,simmobe01
5,Bam Adebayo,22,MIA,2.0,17.0,500,0.034,72,33.6,15.9,10.2,5.1,1.1,1.3,.557,.143,.691,8.5,.168,3.9,2.0,106,adebaba01
6T,Patrick Beverley,31,LAC,1.0,7.0,500,0.014,51,26.3,7.9,5.2,3.6,1.1,0.5,.431,.388,.660,3.6,.128,2.0,2.5,107,beverpa01
6T,Marcus Smart,25,BOS,0.0,7.0,500,0.014,60,32.0,12.9,3.8,4.9,1.7,0.5,.375,.347,.836,4.5,.112,2.8,1.4,107,smartma01
8T,Andre Drummond,26,TOT,1.0,5.0,500,0.010,57,33.0,17.7,15.2,2.7,1.9,1.6,.533,.143,.575,4.2,.108,3.6,1.1,103,drumman01
8T,Kawhi Leonard,28,LAC,0.0,5.0,500,0.010,57,32.4,27.1,7.1,4.9,1.8,0.6,.470,.378,.886,8.7,.226,3.3,2.4,104,leonaka01
10,Brook Lopez,31,MIL,0.0,4.0,500,0.008,68,26.7,12.0,4.6,1.5,0.7,2.4,.435,.314,.836,5.5,.145,4.1,2.5,100,lopezbr01
11,Hassan Whiteside,30,POR,0.0,3.0,500,0.006,67,30.0,15.5,13.5,1.2,0.4,2.9,.621,.571,.686,8.5,.204,3.0,0.7,107,whiteha01
12,Jarrett Allen,21,BRK,0.0,1.0,500,0.002,70,26.5,11.1,9.6,1.6,0.6,1.3,.649,.000,.633,8.2,.212,2.9,1.0,106,allenja01
1,Rudy Gobert,26,UTA,65.0,411.0,500,0.822,81,31.8,15.9,12.9,2.0,0.8,2.3,.669,,.636,14.4,.268,5.7,2.5,100,goberru01
2,Giannis Antetokounmpo,24,MIL,26.0,280.0,500,0.560,72,32.8,27.7,12.5,5.9,1.3,1.5,.578,.256,.729,14.4,.292,5.5,4.1,99,antetgi01
3,Paul George,28,OKC,6.0,150.0,500,0.300,77,36.9,28.0,8.2,4.1,2.2,0.4,.438,.386,.839,11.9,.201,4.9,1.6,105,georgpa01
4,Joel Embiid,24,PHI,1.0,26.0,500,0.052,64,33.7,27.5,13.6,3.7,0.7,1.9,.484,.300,.804,8.7,.194,3.8,0.9,104,embiijo01
5,Myles Turner,22,IND,0.0,15.0,500,0.030,74,28.6,13.3,7.2,1.6,0.8,2.7,.487,.388,.736,6.3,.144,4.4,2.4,101,turnemy01
6T,Draymond Green,28,GSW,1.0,6.0,500,0.012,66,31.3,7.4,7.3,6.9,1.4,1.1,.445,.285,.692,4.3,.100,3.2,2.7,106,greendr01
6T,Kawhi Leonard,27,TOR,1.0,6.0,500,0.012,60,34.0,26.6,7.3,3.3,1.8,0.4,.496,.371,.854,9.5,.224,3.4,1.1,105,leonaka01
8,Marcus Smart,24,BOS,0.0,4.0,500,0.008,80,27.5,8.9,2.9,4.0,1.8,0.4,.422,.364,.806,5.3,.116,3.1,2.0,107,smartma01
9T,Jarrett Allen,20,BRK,0.0,1.0,500,0.002,80,26.2,10.9,8.4,1.4,0.5,1.5,.590,.133,.709,7.6,.175,3.3,1.4,106,allenja01
9T,Patrick Beverley,30,LAC,0.0,1.0,500,0.002,78,27.4,7.6,5.0,3.8,0.9,0.6,.407,.397,.780,4.8,.108,2.0,1.2,111,beverpa01
1,Rudy Gobert,25,UTA,89.0,466.0,505,0.923,56,32.4,13.5,10.7,1.4,0.8,2.3,.622,,.682,8.1,.214,3.9,2.5,99,goberru01
2,Joel Embiid,23,PHI,2.0,163.0,505,0.323,63,30.3,22.9,11.0,3.2,0.6,1.8,.483,.308,.769,6.2,.155,3.8,1.3,100,embiijo01
3,Anthony Davis,24,NOP,5.0,139.0,505,0.275,75,36.4,28.1,11.1,2.3,1.5,2.6,.534,.340,.828,13.7,.241,4.9,1.4,102,davisan02
4,Paul George,27,OKC,2.0,38.0,505,0.075,79,36.6,21.9,5.7,3.3,2.0,0.5,.430,.401,.822,8.9,.147,3.9,0.6,106,georgpa01
5,Al Horford,31,BOS,1.0,37.0,505,0.073,72,31.6,12.9,7.4,4.7,0.6,1.1,.489,.429,.783,7.8,.165,3.8,2.0,103,horfoal01
6,Draymond Green,27,GSW,1.0,20.0,505,0.040,70,32.7,11.0,7.6,7.3,1.4,1.3,.454,.301,.775,6.1,.127,3.4,1.9,105,greendr01
7,Jrue Holiday,27,NOP,1.0,11.0,505,0.022,81,36.1,19.0,4.5,6.0,1.5,0.8,.494,.337,.786,7.1,.116,2.9,0.3,109,holidjr01
8,Robert Covington,27,PHI,0.0,8.0,505,0.016,80,31.7,12.6,5.4,2.0,1.7,0.9,.413,.369,.853,6.1,.116,4.5,1.7,103,covinro01
9,Kevin Durant,29,GSW,0.0,7.0,505,0.014,68,34.2,26.4,6.8,5.4,0.7,1.8,.516,.419,.889,10.4,.215,2.9,0.6,107,duranke01
10,Jaylen Brown,21,BOS,0.0,5.0,505,0.010,70,30.7,14.5,4.9,1.6,1.0,0.4,.465,.395,.644,4.5,.100,3.2,0.3,105,brownja02
11,Klay Thompson,27,GSW,0.0,4.0,505,0.008,73,34.3,20.0,3.8,2.5,0.8,0.5,.488,.440,.837,4.9,.094,1.8,-2.1,111,thompkl01
12T,Steven Adams,24,OKC,0.0,3.0,505,0.006,76,32.7,13.9,9.0,1.2,1.2,1.0,.629,.000,.559,9.7,.187,3.0,-0.6,107,adamsst01
12T,Jimmy Butler,28,MIN,0.0,3.0,505,0.006,59,36.7,22.2,5.3,4.9,2.0,0.4,.474,.350,.854,8.9,.198,1.8,0.7,110,butleji01
14,Clint Capela,23,HOU,0.0,2.0,505,0.004,74,27.5,13.9,10.8,0.9,0.8,1.9,.652,.000,.560,10.2,.242,4.1,1.0,101,capelca01
15T,Andre Drummond,24,DET,0.0,1.0,505,0.002,78,33.7,15.0,16.0,3.0,1.5,1.6,.529,.000,.605,10.3,.189,5.7,1.7,99,drumman01
15T,Jusuf Nurkić,23,POR,0.0,1.0,505,0.002,79,26.4,14.3,9.0,1.8,0.8,1.4,.505,.000,.630,4.7,.108,3.9,1.1,101,nurkiju01
15T,Victor Oladipo,25,IND,0.0,1.0,505,0.002,75,34.0,23.1,5.2,4.3,2.4,0.8,.477,.371,.799,8.2,.155,4.0,1.7,104,oladivi01
1,Draymond Green,26,GSW,73.0,434.0,500,0.868,76,32.5,10.2,7.9,7.0,2.0,1.4,.418,.308,.709,8.2,.160,5.4,3.9,99,greendr01
2,Rudy Gobert,24,UTA,16.0,269.0,500,0.538,81,33.9,14.0,12.8,1.2,0.6,2.6,.661,.000,.653,14.3,.250,6.0,2.2,99,goberru01
3,Kawhi Leonard,25,SAS,11.0,182.0,500,0.364,74,33.4,25.5,5.8,3.5,1.8,0.7,.485,.380,.880,13.6,.264,4.7,2.2,102,leonaka01
4,Robert Covington,26,PHI,0.0,4.0,500,0.008,67,31.6,12.9,6.5,1.5,1.9,1.0,.399,.333,.822,3.1,.071,3.2,1.4,105,covinro01
5T,LeBron James,32,CLE,0.0,3.0,500,0.006,74,37.8,26.4,8.6,8.7,1.2,0.6,.548,.363,.674,12.9,.221,3.0,1.2,108,jamesle01
5T,Andre Roberson,25,OKC,0.0,3.0,500,0.006,79,30.1,6.6,5.1,1.0,1.2,1.0,.464,.245,.423,4.2,.085,3.1,1.4,106,roberan03
5T,Hassan Whiteside,27,MIA,0.0,3.0,500,0.006,77,32.6,17.0,14.1,0.7,0.7,2.1,.557,,.628,9.5,.181,5.3,0.5,100,whiteha01
8T,LaMarcus Aldridge,31,SAS,0.0,1.0,500,0.002,72,32.4,17.3,7.3,1.9,0.6,1.2,.477,.411,.812,7.2,.149,3.7,0.1,104,aldrila01
8T,Patrick Beverley,28,HOU,0.0,1.0,500,0.002,67,30.7,9.5,5.9,4.2,1.5,0.4,.420,.382,.768,5.3,.123,2.4,1.4,108,beverpa01
1,Kawhi Leonard,24,SAS,84.0,547.0,650,0.842,72,33.1,21.2,6.8,2.6,1.8,1.0,.506,.443,.874,13.7,.277,5.5,3.0,96,leonaka01
2,Draymond Green,25,GSW,44.0,421.0,650,0.648,81,34.7,14.0,9.5,7.4,1.5,1.4,.490,.388,.696,11.1,.190,5.1,2.9,100,greendr01
3,Hassan Whiteside,26,MIA,2.0,83.0,650,0.128,73,29.1,14.2,11.8,0.4,0.6,3.7,.606,,.650,10.3,.233,5.3,2.4,95,whiteha01
4,DeAndre Jordan,27,LAC,0.0,50.0,650,0.077,77,33.7,12.7,13.8,1.2,0.7,2.3,.703,.000,.430,11.5,.213,5.5,1.3,98,jordade01
5,Paul Millsap,30,ATL,0.0,21.0,650,0.032,81,32.7,17.1,9.0,3.3,1.8,1.7,.470,.319,.757,10.1,.183,6.0,2.7,96,millspa01
6,Avery Bradley,25,BOS,0.0,14.0,650,0.022,76,33.4,15.2,2.9,2.1,1.5,0.3,.447,.361,.780,4.8,.090,2.8,0.3,106,bradlav01
7,Rudy Gobert,23,UTA,0.0,13.0,650,0.020,61,31.7,9.1,11.0,1.5,0.7,2.2,.559,,.569,6.4,.160,3.8,2.2,99,goberru01
8,Tony Allen,34,MEM,0.0,5.0,650,0.008,64,25.3,8.4,4.6,1.1,1.7,0.3,.458,.357,.652,2.4,.072,1.9,1.2,105,allento01
9,Anthony Davis,22,NOP,0.0,4.0,650,0.006,61,35.5,24.3,10.3,1.9,1.3,2.0,.493,.324,.758,7.2,.160,2.8,0.4,104,davisan02
10,Andre Drummond,22,DET,0.0,3.0,650,0.005,81,32.9,16.2,14.8,0.8,1.5,1.4,.521,.333,.355,7.4,.133,5.5,0.3,98,drumman01
11T,Jimmy Butler,26,CHI,0.0,2.0,650,0.003,67,36.9,20.9,5.3,4.8,1.6,0.6,.454,.312,.832,9.1,.177,2.7,1.2,106,butleji01
11T,LeBron James,31,CLE,0.0,2.0,650,0.003,76,35.6,25.3,7.4,6.8,1.4,0.6,.520,.309,.731,13.6,.242,4.0,2.0,103,jamesle01
13T,Trevor Ariza,30,HOU,0.0,1.0,650,0.002,81,35.3,12.7,4.5,2.3,2.0,0.3,.416,.371,.783,5.4,.090,2.3,0.3,108,arizatr01
13T,Jae Crowder,25,BOS,0.0,1.0,650,0.002,73,31.6,14.2,5.1,1.8,1.7,0.5,.443,.336,.820,7.3,.152,3.5,1.4,102,crowdja01
13T,Al Horford,29,ATL,0.0,1.0,650,0.002,82,32.1,15.2,7.3,3.2,0.8,1.5,.505,.344,.798,9.4,.172,4.5,1.6,101,horfoal01
13T,Kyle Lowry,29,TOR,0.0,1.0,650,0.002,77,37.0,21.2,4.7,6.4,2.1,0.4,.427,.388,.811,11.6,.196,3.7,1.1,104,lowryky01
13T,Chris Paul,30,LAC,0.0,1.0,650,0.002,74,32.7,19.5,4.2,10.0,2.1,0.2,.462,.371,.896,12.7,.253,3.5,2.0,103,paulch01
1,Kawhi Leonard,23,SAS,37.0,333.0,645,0.516,64,31.8,16.5,7.2,2.5,2.3,0.8,.479,.349,.802,8.6,.204,4.4,3.1,96,leonaka01
2,Draymond Green,24,GSW,45.0,317.0,645,0.491,79,31.5,11.7,8.2,3.7,1.6,1.3,.443,.337,.660,8.5,.163,5.2,2.8,97,greendr01
3,DeAndre Jordan,26,LAC,32.0,261.0,645,0.405,82,34.4,11.5,15.0,0.7,1.0,2.2,.710,.250,.397,12.8,.217,5.4,0.7,98,jordade01
4,Anthony Davis,21,NOP,11.0,107.0,645,0.166,68,36.1,24.4,10.2,2.2,1.5,2.9,.535,.083,.805,14.0,.274,4.2,2.3,100,davisan02
5,Rudy Gobert,22,UTA,2.0,33.0,645,0.051,82,26.3,8.4,9.5,1.3,0.8,2.3,.604,.000,.623,9.3,.206,4.3,2.5,98,goberru01
6,Andrew Bogut,30,GSW,0.0,31.0,645,0.048,67,23.6,6.3,8.1,2.7,0.6,1.7,.563,,.524,5.2,.159,3.4,3.3,97,bogutan01
7,Tony Allen,33,MEM,1.0,29.0,645,0.045,63,26.2,8.6,4.4,1.4,2.0,0.5,.495,.345,.627,4.1,.119,3.2,3.1,98,allento01
8,Tim Duncan,38,SAS,1.0,12.0,645,0.019,77,28.9,13.9,9.1,3.0,0.8,2.0,.512,.286,.740,9.6,.207,4.7,2.8,97,duncati01
9,Michael Kidd-Gilchrist,21,CHO,0.0,9.0,645,0.014,55,28.9,10.9,7.6,1.4,0.5,0.7,.465,,.701,3.8,.114,2.2,0.6,103,kiddgmi01
10T,Jimmy Butler,25,CHI,0.0,7.0,645,0.011,65,38.7,20.0,5.8,3.3,1.8,0.6,.462,.378,.834,11.2,.214,3.0,1.2,104,butleji01
10T,Marc Gasol,30,MEM,0.0,7.0,645,0.011,81,33.2,17.4,7.8,3.8,0.9,1.6,.494,.176,.795,10.2,.182,4.7,2.4,100,gasolma01
12,Joakim Noah,29,CHI,0.0,4.0,645,0.006,67,30.6,7.2,9.6,4.7,0.7,1.1,.445,.000,.603,5.6,.130,3.1,2.0,102,noahjo01
13T,Trevor Ariza,29,HOU,0.0,3.0,645,0.005,82,35.7,12.8,5.6,2.5,1.9,0.2,.402,.350,.853,6.6,.108,3.9,1.1,103,arizatr01
13T,LeBron James,30,CLE,0.0,3.0,645,0.005,69,36.1,25.3,6.0,7.4,1.6,0.7,.488,.354,.710,10.4,.199,2.9,1.0,105,jamesle01
15T,Patrick Beverley,26,HOU,0.0,1.0,645,0.002,56,30.8,10.1,4.2,3.4,1.1,0.4,.383,.356,.750,3.5,.096,1.8,0.5,106,beverpa01
15T,DeMarre Carroll,28,ATL,0.0,1.0,645,0.002,70,31.3,12.6,5.3,1.7,1.3,0.2,.487,.395,.702,7.0,.154,2.8,0.4,104,carrode01
15T,Nerlens Noel,20,PHI,0.0,1.0,645,0.002,75,30.8,9.9,8.1,1.7,1.8,1.9,.462,,.609,4.0,.083,4.2,2.3,99,noelne01
15T,Chris Paul,29,LAC,0.0,1.0,645,0.002,82,34.8,19.1,4.6,10.2,1.9,0.2,.485,.398,.900,16.1,.270,3.2,1.6,105,paulch01
15T,Hassan Whiteside,25,MIA,0.0,1.0,645,0.002,48,23.8,11.8,10.0,0.1,0.6,2.6,.628,,.500,5.3,.221,2.4,1.6,97,whiteha01
1,Joakim Noah,28,CHI,100.0,555.0,625,0.888,80,35.3,12.6,11.3,5.4,1.2,1.5,.475,.000,.737,11.2,.190,6.6,3.6,96,noahjo01
2,Roy Hibbert,27,IND,8.0,166.0,625,0.266,81,29.7,10.8,6.6,1.1,0.4,2.2,.439,.400,.770,5.4,.108,5.0,1.5,98,hibbero01
3,DeAndre Jordan,25,LAC,8.0,121.0,625,0.194,82,35.0,10.4,13.6,0.9,1.0,2.5,.676,,.428,11.1,.186,5.8,1.6,98,jordade01
4,Serge Ibaka,24,OKC,2.0,79.0,625,0.126,81,32.9,15.1,8.8,1.0,0.5,2.7,.536,.383,.784,9.6,.173,4.4,0.6,102,ibakase01
5,Andre Iguodala,30,GSW,1.0,47.0,625,0.075,63,32.4,9.3,4.7,4.2,1.5,0.3,.480,.354,.652,5.8,.135,3.1,2.4,103,iguodan01
6,LeBron James,29,MIA,2.0,31.0,625,0.050,77,37.7,27.1,6.9,6.3,1.6,0.3,.567,.379,.750,15.9,.264,3.7,1.1,105,jamesle01
7,Paul George,23,IND,0.0,30.0,625,0.048,80,36.2,21.7,6.8,3.5,1.9,0.3,.424,.364,.864,10.8,.178,6.4,2.1,97,georgpa01
8T,Anthony Davis,20,NOP,1.0,25.0,625,0.040,67,35.2,20.8,10.0,1.6,1.3,2.8,.519,.222,.791,10.4,.212,3.2,0.8,104,davisan02
8T,Dwight Howard,28,HOU,1.0,25.0,625,0.040,71,33.7,18.3,12.2,1.8,0.8,1.8,.591,.286,.547,8.0,.161,4.1,0.8,101,howardw01
10,Andrew Bogut,29,GSW,1.0,11.0,625,0.018,67,26.4,7.3,10.0,1.7,0.7,1.8,.627,,.344,6.5,.176,4.0,3.2,96,bogutan01
11,Kawhi Leonard,22,SAS,0.0,9.0,625,0.014,66,29.1,12.8,6.2,2.0,1.7,0.8,.522,.379,.802,7.7,.193,3.9,3.0,98,leonaka01
12,P.J. Tucker,28,PHO,1.0,6.0,625,0.010,81,30.7,9.4,6.5,1.7,1.4,0.3,.431,.387,.776,6.1,.117,2.8,0.9,106,tuckepj01
13T,Tim Duncan,37,SAS,0.0,5.0,625,0.008,74,29.2,15.1,9.7,3.0,0.6,1.9,.490,.000,.731,7.4,.164,4.6,2.1,98,duncati01
13T,Chris Paul,28,LAC,0.0,5.0,625,0.008,62,35.0,19.1,4.3,10.7,2.5,0.1,.467,.368,.855,12.2,.270,3.2,2.6,103,paulch01
15T,Trevor Ariza,28,WAS,0.0,4.0,625,0.006,77,35.4,14.4,6.2,2.5,1.6,0.3,.456,.407,.772,8.0,.141,3.7,1.0,104,arizatr01
15T,Marc Gasol,29,MEM,0.0,4.0,625,0.006,59,33.4,14.6,7.2,3.6,1.0,1.3,.473,.182,.768,5.6,.137,3.1,2.0,102,gasolma01
17,Patrick Beverley,25,HOU,0.0,2.0,625,0.003,56,31.3,10.2,3.5,2.7,1.4,0.4,.414,.361,.814,4.2,.116,1.6,0.9,108,beverpa01
1,Marc Gasol,28,MEM,30.0,212.0,605,0.350,80,35.0,14.1,7.8,4.0,1.0,1.7,.494,.071,.848,11.5,.197,5.4,3.1,98,gasolma01
2,LeBron James,28,MIA,18.0,149.0,605,0.246,76,37.9,26.8,8.0,7.3,1.7,0.9,.565,.406,.753,19.3,.322,4.7,2.4,101,jamesle01
3,Serge Ibaka,23,OKC,14.0,122.0,605,0.202,80,31.1,13.2,7.7,0.5,0.4,3.0,.573,.351,.749,9.4,.181,4.1,0.7,101,ibakase01
4,Joakim Noah,27,CHI,13.0,107.0,605,0.177,66,36.8,11.9,11.1,4.0,1.2,2.1,.481,.000,.751,7.3,.145,4.7,2.7,99,noahjo01
5,Tony Allen,31,MEM,9.0,102.0,605,0.169,79,26.7,8.9,4.6,1.2,1.5,0.6,.445,.125,.717,5.1,.115,4.1,2.4,98,allento01
6,Tim Duncan,36,SAS,11.0,94.0,605,0.155,69,30.1,17.8,9.9,2.7,0.7,2.7,.502,.286,.817,8.3,.191,4.9,2.9,95,duncati01
7,Larry Sanders,24,MIL,4.0,90.0,605,0.149,71,27.3,9.8,9.5,1.2,0.7,2.8,.506,.000,.618,6.0,.149,3.7,2.0,99,sandela01
8,Paul George,22,IND,8.0,57.0,605,0.094,79,37.6,17.4,7.6,4.1,1.8,0.6,.419,.362,.807,9.0,.145,6.3,2.3,97,georgpa01
9,Andre Iguodala,29,DEN,5.0,43.0,605,0.071,80,34.7,13.0,5.3,5.4,1.7,0.7,.451,.317,.574,5.6,.097,3.2,1.4,105,iguodan01
10,Roy Hibbert,26,IND,3.0,36.0,605,0.060,79,28.7,11.9,8.3,1.4,0.5,2.6,.448,.250,.741,6.1,.129,4.9,1.4,97,hibbero01
11,Chris Paul,27,LAC,2.0,19.0,605,0.031,70,33.4,16.9,3.7,9.7,2.4,0.1,.481,.328,.885,13.9,.287,3.4,2.4,102,paulch01
12,Avery Bradley,22,BOS,2.0,15.0,605,0.025,50,28.7,9.2,2.2,2.1,1.3,0.4,.402,.317,.755,0.4,.012,1.6,0.3,105,bradlav01
13,Tyson Chandler,30,NYK,0.0,11.0,605,0.018,66,32.8,10.4,10.7,0.9,0.6,1.1,.638,,.694,9.3,.207,2.6,-0.3,104,chandty01
14,Dwight Howard,27,LAL,1.0,9.0,605,0.015,76,35.8,17.1,12.4,1.4,1.1,2.4,.578,.167,.492,7.6,.134,4.8,1.1,100,howardw01
15,Luol Deng,27,CHI,1.0,6.0,605,0.010,75,38.7,16.5,6.3,3.0,1.1,0.4,.426,.322,.816,6.3,.105,3.3,-0.3,105,denglu01
16,Dwyane Wade,31,MIA,0.0,4.0,605,0.007,69,34.7,21.2,5.0,5.1,1.9,0.8,.521,.258,.725,9.6,.192,3.5,0.7,103,wadedw01
17T,Trevor Ariza,27,WAS,0.0,3.0,605,0.005,56,26.3,9.5,4.8,2.0,1.3,0.4,.417,.364,.821,3.1,.102,2.4,2.0,101,arizatr01
17T,Jimmy Butler,23,CHI,0.0,3.0,605,0.005,82,26.0,8.6,4.0,1.4,1.0,0.4,.467,.381,.803,7.0,.158,2.6,1.0,104,butleji01
17T,Kenneth Faried,23,DEN,0.0,3.0,605,0.005,80,28.1,11.5,9.2,1.0,1.0,1.0,.552,,.613,7.8,.167,3.4,0.2,102,farieke01
17T,Russell Westbrook,24,OKC,0.0,3.0,605,0.005,82,34.9,23.2,5.2,7.4,1.8,0.3,.438,.323,.800,11.6,.195,3.9,-0.2,103,westbru01
21,Mike Conley,25,MEM,0.0,1.0,605,0.002,80,34.5,14.6,2.8,6.1,2.2,0.3,.440,.362,.830,9.9,.172,4.7,2.3,100,conlemi01
1,Tyson Chandler,29,NYK,45.0,311.0,605,0.514,62,33.2,11.3,9.9,0.9,0.9,1.4,.679,.000,.689,9.5,.220,3.6,1.1,99,chandty01
2,Serge Ibaka,22,OKC,41.0,294.0,605,0.486,66,27.2,9.1,7.5,0.4,0.5,3.7,.535,.333,.661,6.2,.167,3.2,2.3,98,ibakase01
3,Dwight Howard,26,ORL,18.0,186.0,605,0.307,54,38.3,20.6,14.5,1.9,1.5,2.1,.573,.000,.491,7.7,.179,4.4,2.0,96,howardw01
4,LeBron James,27,MIA,7.0,112.0,605,0.185,62,37.5,27.1,7.9,6.2,1.9,0.8,.531,.362,.771,14.5,.298,4.5,2.7,97,jamesle01
5,Kevin Garnett,35,BOS,2.0,44.0,605,0.073,60,31.1,15.8,8.2,2.9,0.9,1.0,.503,.333,.857,6.9,.178,4.3,2.5,94,garneke01
6,Tony Allen,30,MEM,4.0,36.0,605,0.060,58,26.3,9.8,4.0,1.4,1.8,0.6,.469,.308,.800,4.2,.131,2.5,2.3,100,allento01
7,Andre Iguodala,28,PHI,1.0,33.0,605,0.055,62,35.6,12.4,6.1,5.5,1.7,0.5,.454,.394,.617,7.3,.158,4.2,2.5,98,iguodan01
8,Shawn Marion,33,DAL,2.0,17.0,605,0.028,63,30.5,10.6,7.4,2.1,1.1,0.6,.446,.294,.796,3.7,.092,2.7,0.6,102,mariosh01
9,Luol Deng,26,CHI,1.0,16.0,605,0.026,54,39.4,15.3,6.5,2.9,1.0,0.7,.412,.367,.770,5.8,.132,3.6,1.1,100,denglu01
10,Josh Smith,26,ATL,0.0,9.0,605,0.015,66,35.3,18.8,9.6,3.9,1.4,1.7,.458,.257,.630,6.8,.139,4.9,2.1,96,smithjo03
11,Joakim Noah,26,CHI,0.0,6.0,605,0.010,64,30.4,10.2,9.8,2.5,0.6,1.4,.508,.000,.748,9.0,.223,4.2,2.1,96,noahjo01
12T,Marc Gasol,27,MEM,0.0,5.0,605,0.008,65,36.5,14.6,8.9,3.1,1.0,1.9,.482,.083,.748,8.2,.166,4.0,2.1,99,gasolma01
12T,Chris Paul,26,LAC,0.0,5.0,605,0.008,60,36.4,19.8,3.6,9.1,2.5,0.1,.478,.371,.861,12.7,.278,2.3,2.4,104,paulch01
14T,Avery Bradley,21,BOS,0.0,2.0,605,0.003,64,21.4,7.6,1.8,1.4,0.7,0.2,.498,.407,.795,2.4,.085,1.9,0.7,102,bradlav01
14T,Mike Conley,24,MEM,0.0,2.0,605,0.003,62,35.1,12.7,2.5,6.5,2.2,0.2,.433,.377,.861,6.4,.141,2.8,1.4,102,conlemi01
14T,Grant Hill,39,PHO,0.0,2.0,605,0.003,49,28.1,10.2,3.5,2.2,0.8,0.6,.446,.264,.761,1.6,.055,0.9,0.5,107,hillgr01
14T,Iman Shumpert,21,NYK,0.0,2.0,605,0.003,59,28.9,9.5,3.2,2.8,1.7,0.1,.401,.306,.798,2.4,.068,2.5,1.6,101,shumpim01
18T,Greg Monroe,21,DET,0.0,1.0,605,0.002,66,31.5,15.4,9.7,2.3,1.3,0.7,.521,.000,.739,7.0,.161,2.7,0.1,102,monrogr01
18T,Dwyane Wade,30,MIA,0.0,1.0,605,0.002,49,33.2,22.1,4.8,4.6,1.7,1.3,.497,.268,.791,7.7,.227,2.9,1.9,99,wadedw01
18T,Russell Westbrook,23,OKC,0.0,1.0,605,0.002,66,35.3,23.6,4.6,5.5,1.7,0.3,.457,.316,.823,7.9,.163,2.4,-0.7,105,westbru01
1,Dwight Howard,25,ORL,114.0,585.0,600,0.975,78,37.6,22.9,14.1,1.4,1.4,2.4,.593,.000,.596,14.4,.235,7.7,2.4,94,howardw01
2,Kevin Garnett,34,BOS,1.0,77.0,600,0.128,71,31.3,14.9,8.9,2.4,1.3,0.8,.528,.200,.862,9.0,.194,5.6,2.9,95,garneke01
3,Tyson Chandler,28,DAL,0.0,70.0,600,0.117,74,27.8,10.1,9.4,0.4,0.5,1.1,.654,,.732,9.4,.218,3.5,1.0,102,chandty01
4,Tony Allen,29,MEM,0.0,53.0,600,0.088,72,20.8,8.9,2.7,1.4,1.8,0.6,.510,.174,.753,4.7,.152,2.7,3.5,101,allento01
5,Rajon Rondo,24,BOS,0.0,45.0,600,0.075,68,37.2,10.6,4.4,11.2,2.3,0.2,.475,.233,.568,6.6,.126,4.8,1.4,100,rondora01
6,Andrew Bogut,26,MIL,0.0,32.0,600,0.053,65,35.3,12.8,11.1,2.0,0.7,2.6,.495,.000,.442,5.4,.112,5.1,2.4,97,bogutan01
7,Grant Hill,38,PHO,1.0,30.0,600,0.050,80,30.1,13.2,4.2,2.5,0.8,0.4,.484,.395,.829,4.4,.087,1.3,-0.3,111,hillgr01
8,Andre Iguodala,27,PHI,0.0,29.0,600,0.048,67,36.9,14.1,5.8,6.3,1.5,0.6,.445,.337,.693,6.7,.130,3.5,1.6,104,iguodan01
9,LeBron James,26,MIA,0.0,25.0,600,0.042,79,38.8,26.7,7.5,7.0,1.6,0.6,.510,.330,.759,15.6,.244,5.3,1.8,102,jamesle01
10,Luol Deng,25,CHI,0.0,24.0,600,0.040,82,39.1,17.4,5.8,2.8,1.0,0.6,.460,.345,.753,9.9,.149,5.2,0.6,102,denglu01
11,Kobe Bryant,32,LAL,0.0,18.0,600,0.030,82,33.9,25.3,5.1,4.7,1.2,0.1,.451,.323,.828,10.3,.178,3.5,-0.2,105,bryanko01
12T,Chuck Hayes,27,HOU,2.0,13.0,600,0.022,74,28.1,7.9,8.1,2.7,1.1,0.7,.527,.000,.662,6.3,.146,2.4,1.3,106,hayesch01
12T,Chris Paul,25,NOH,0.0,13.0,600,0.022,80,36.0,15.9,4.1,9.8,2.4,0.1,.463,.388,.878,13.9,.232,4.4,2.8,103,paulch01
14,Serge Ibaka,21,OKC,0.0,12.0,600,0.020,82,27.0,9.9,7.6,0.3,0.4,2.4,.543,.000,.750,7.6,.164,3.2,0.7,104,ibakase01
15,Joakim Noah,25,CHI,1.0,11.0,600,0.018,48,32.8,11.7,10.4,2.2,1.0,1.5,.525,.000,.739,6.7,.205,3.6,2.1,97,noahjo01
16,Dwyane Wade,29,MIA,0.0,8.0,600,0.013,76,37.1,25.5,6.4,4.6,1.5,1.1,.500,.306,.758,12.8,.218,4.7,1.1,102,wadedw01
17,Tim Duncan,34,SAS,0.0,7.0,600,0.012,76,28.4,13.4,8.9,2.7,0.7,1.9,.500,.000,.716,7.7,.171,4.0,2.2,100,duncati01
18,Metta World Peace,31,LAL,0.0,6.0,600,0.010,82,29.4,8.5,3.3,2.1,1.5,0.4,.397,.356,.676,4.4,.088,3.2,1.5,105,artesro01
19T,Keith Bogans,30,CHI,1.0,5.0,600,0.008,82,17.8,4.4,1.8,1.2,0.5,0.1,.404,.380,.656,3.6,.118,2.2,1.4,103,boganke01
19T,JaVale McGee,23,WAS,0.0,5.0,600,0.008,79,27.8,10.1,8.0,0.5,0.5,2.4,.550,.000,.583,5.3,.115,2.5,0.4,106,mcgeeja01
21,Thabo Sefolosha,26,OKC,0.0,4.0,600,0.007,79,25.9,5.1,4.4,1.4,1.2,0.5,.471,.275,.747,4.1,.097,2.5,1.9,106,sefolth01
22,Andrew Bynum,23,LAL,0.0,3.0,600,0.005,54,27.8,11.3,9.4,1.4,0.4,2.0,.574,,.660,6.6,.210,2.8,1.4,100,bynuman01
23T,Kenyon Martin,33,DEN,0.0,2.0,600,0.003,48,25.7,8.6,6.2,2.3,0.9,0.7,.511,.222,.583,2.7,.104,1.6,1.7,105,martike01
23T,Gerald Wallace,28,TOT,0.0,2.0,600,0.003,71,37.9,15.7,8.0,2.4,1.5,0.9,.454,.333,.746,6.2,.111,3.6,1.1,105,wallage01
25,Josh Smith,25,ATL,0.0,1.0,600,0.002,77,34.4,16.5,8.5,3.3,1.3,1.6,.477,.331,.725,6.4,.116,4.5,1.7,102,smithjo03
1,Dwight Howard,24,ORL,110.0,576.0,610,0.944,82,34.7,18.3,13.2,1.8,0.9,2.8,.612,.000,.592,13.2,.223,7.1,2.8,95,howardw01
2,Josh Smith,24,ATL,3.0,136.0,610,0.223,81,35.4,15.7,8.7,4.2,1.6,2.1,.505,.000,.618,9.3,.155,5.1,2.7,101,smithjo03
3,Gerald Wallace,27,CHA,1.0,113.0,610,0.185,76,41.0,18.2,10.0,2.1,1.5,1.1,.484,.371,.776,11.5,.177,6.2,1.7,100,wallage01
4,LeBron James,25,CLE,4.0,61.0,610,0.100,76,39.0,29.7,7.3,8.6,1.6,1.0,.503,.333,.767,18.5,.299,5.2,2.8,102,jamesle01
5,Rajon Rondo,23,BOS,1.0,55.0,610,0.090,81,36.6,13.7,4.4,9.8,2.3,0.1,.508,.213,.621,9.6,.156,4.7,1.4,103,rondora01
6,Metta World Peace,30,LAL,0.0,29.0,610,0.048,77,33.8,11.0,4.3,3.0,1.4,0.3,.414,.355,.688,5.3,.098,3.5,1.1,105,artesro01
7,Andrew Bogut,25,MIL,1.0,23.0,610,0.038,69,32.3,15.9,10.2,1.8,0.6,2.5,.520,.000,.629,7.5,.161,4.8,2.2,98,bogutan01
8,Thabo Sefolosha,25,OKC,2.0,20.0,610,0.033,82,28.6,6.0,4.7,1.8,1.2,0.6,.440,.313,.674,4.0,.082,3.4,2.0,104,sefolth01
9,Anderson Varejão,27,CLE,0.0,18.0,610,0.030,76,28.5,8.6,7.6,1.1,0.9,0.9,.572,.200,.663,8.1,.179,3.8,1.2,102,varejan01
10T,Marcus Camby,35,TOT,0.0,13.0,610,0.021,74,31.3,7.5,11.8,2.5,1.3,2.0,.475,.286,.639,6.8,.142,4.3,2.6,101,cambyma01
10T,Dwyane Wade,28,MIA,0.0,13.0,610,0.021,77,36.3,26.6,4.8,6.5,1.8,1.1,.476,.300,.761,13.0,.224,4.6,2.1,103,wadedw01
12,Kobe Bryant,31,LAL,0.0,9.0,610,0.015,73,38.8,27.0,5.4,5.0,1.5,0.3,.456,.329,.811,9.4,.160,4.0,0.2,104,bryanko01
13,Shawn Marion,31,DAL,0.0,8.0,610,0.013,75,31.8,12.0,6.4,1.4,0.9,0.8,.508,.158,.755,5.0,.100,2.8,0.1,106,mariosh01
14,Tim Duncan,33,SAS,0.0,7.0,610,0.011,78,31.3,17.9,10.1,3.2,0.6,1.5,.518,.182,.725,10.9,.215,4.5,1.8,101,duncati01
15,Shane Battier,31,HOU,0.0,5.0,610,0.008,67,32.4,8.0,4.7,2.4,0.8,1.1,.398,.362,.726,4.3,.095,2.1,1.4,108,battish01
16,Andrei Kirilenko,28,UTA,0.0,4.0,610,0.007,58,29.0,11.9,4.6,2.7,1.4,1.2,.506,.292,.744,6.0,.171,2.7,2.4,103,kirilan01
17T,Arron Afflalo,24,DEN,0.0,1.0,610,0.002,82,27.1,8.8,3.1,1.7,0.6,0.4,.465,.434,.735,4.3,.092,1.4,-0.2,111,afflaar01
17T,Matt Barnes,29,ORL,0.0,1.0,610,0.002,81,25.9,8.8,5.5,1.7,0.7,0.4,.487,.319,.740,5.9,.135,3.4,1.3,103,barnema02
17T,Brendan Haywood,30,TOT,0.0,1.0,610,0.002,77,30.6,9.1,9.3,0.6,0.3,2.1,.562,.000,.620,6.7,.137,3.0,0.2,106,haywobr01
17T,David Lee,26,NYK,0.0,1.0,610,0.002,81,37.3,20.2,11.7,3.6,1.0,0.5,.545,.000,.812,10.3,.163,2.9,0.0,108,leeda02
17T,Kenyon Martin,32,DEN,0.0,1.0,610,0.002,58,34.2,11.5,9.4,1.9,1.2,1.1,.456,.276,.557,3.3,.079,2.8,0.5,104,martike01
17T,Luc Mbah a Moute,23,MIL,0.0,1.0,610,0.002,73,25.6,6.2,5.5,1.1,0.8,0.5,.480,.353,.699,4.7,.122,3.0,1.5,103,mbahalu01
17T,Kendrick Perkins,25,BOS,0.0,1.0,610,0.002,78,27.6,10.1,7.6,1.0,0.3,1.7,.602,.000,.582,5.2,.117,3.8,1.0,101,perkike01
17T,Ben Wallace,35,DET,0.0,1.0,610,0.002,69,28.6,5.5,8.7,1.5,1.2,1.2,.541,.000,.406,4.7,.115,2.3,1.2,106,wallabe01
1,Dwight Howard,23,ORL,105.0,542.0,595,0.911,79,35.7,20.6,13.8,1.4,1.0,2.9,.572,.000,.594,13.8,.234,7.6,2.4,95,howardw01
2,LeBron James,24,CLE,4.0,148.0,595,0.249,81,37.7,28.4,7.6,7.2,1.7,1.1,.489,.344,.780,20.3,.318,6.5,3.7,99,jamesle01
3,Dwyane Wade,27,MIA,3.0,90.0,595,0.151,79,38.6,30.2,5.0,7.5,2.2,1.3,.491,.317,.765,14.7,.232,4.4,2.4,105,wadedw01
4,Shane Battier,30,HOU,2.0,71.0,595,0.119,60,33.9,7.3,4.8,2.3,0.8,0.9,.410,.384,.821,5.2,.123,2.9,1.9,105,battish01
5,Metta World Peace,29,HOU,1.0,54.0,595,0.091,69,35.5,17.1,5.2,3.3,1.5,0.3,.401,.399,.748,5.5,.108,4.0,1.2,103,artesro01
6,Chris Paul,23,NOH,1.0,49.0,595,0.082,78,38.5,22.8,5.5,11.0,2.8,0.1,.503,.364,.868,18.3,.292,5.0,3.8,103,paulch01
7,Kobe Bryant,30,LAL,2.0,43.0,595,0.072,82,36.1,26.8,5.2,4.9,1.5,0.5,.467,.351,.856,12.7,.206,4.0,0.3,106,bryanko01
8,Kevin Garnett,32,BOS,1.0,31.0,595,0.052,57,31.1,15.8,8.5,2.5,1.1,1.2,.531,.250,.841,7.1,.193,4.1,3.0,98,garneke01
9,Chris Andersen,30,DEN,0.0,10.0,595,0.017,71,20.6,6.4,6.2,0.4,0.6,2.5,.548,.200,.718,5.4,.176,2.8,2.4,101,anderch01
10,Rajon Rondo,22,BOS,0.0,8.0,595,0.013,80,33.0,11.9,5.2,8.2,1.9,0.1,.505,.313,.642,9.9,.179,5.1,2.1,101,rondora01
11,Tim Duncan,32,SAS,0.0,7.0,595,0.012,75,33.7,19.3,10.7,3.5,0.5,1.7,.504,.000,.692,10.1,.191,5.0,2.0,100,duncati01
12,Raja Bell,32,TOT,0.0,4.0,595,0.007,67,34.6,11.9,3.6,2.1,0.7,0.1,.437,.421,.853,3.6,.074,1.6,-0.4,111,bellra01
13T,Andre Iguodala,25,PHI,0.0,3.0,595,0.005,82,39.9,18.8,5.7,5.3,1.6,0.4,.473,.307,.724,9.2,.134,3.5,0.6,108,iguodan01
13T,Anderson Varejão,26,CLE,0.0,3.0,595,0.005,81,28.5,8.6,7.2,1.0,0.9,0.8,.536,.000,.616,8.0,.166,4.7,1.6,100,varejan01
15,Ronny Turiaf,26,GSW,0.0,2.0,595,0.003,79,21.5,5.9,4.6,2.1,0.4,2.1,.508,.000,.790,3.6,.101,1.4,2.3,110,turiaro01
16T,Trevor Ariza,23,LAL,0.0,1.0,595,0.002,82,24.4,8.9,4.3,1.8,1.7,0.3,.460,.319,.710,6.1,.146,3.5,2.2,102,arizatr01
16T,Marcus Camby,34,LAC,0.0,1.0,595,0.002,62,31.0,10.3,11.1,2.0,0.8,2.1,.512,.250,.725,5.2,.129,2.9,1.8,104,cambyma01
16T,Grant Hill,36,PHO,0.0,1.0,595,0.002,82,29.8,12.0,4.9,2.3,1.1,0.7,.523,.316,.808,5.3,.104,1.9,0.4,111,hillgr01
16T,Joel Przybilla,29,POR,0.0,1.0,595,0.002,82,23.8,5.5,8.7,0.3,0.4,1.2,.625,.000,.663,6.6,.163,3.4,1.2,102,przybjo01
16T,Josh Smith,23,ATL,0.0,1.0,595,0.002,69,35.1,15.6,7.2,2.4,1.4,1.6,.492,.299,.588,4.9,.097,3.6,1.4,104,smithjo03
16T,Hedo Türkoğlu,29,ORL,0.0,1.0,595,0.002,77,36.6,16.8,5.3,4.9,0.8,0.2,.413,.356,.807,7.3,.125,4.4,0.7,104,turkohe01
1,Kevin Garnett,31,BOS,90.0,493.0,620,0.795,71,32.8,18.8,9.2,3.4,1.4,1.3,.539,.000,.801,12.9,.265,6.2,3.5,94,garneke01
2,Marcus Camby,33,DEN,12.0,178.0,620,0.287,79,34.9,9.1,13.1,3.3,1.1,3.6,.450,.300,.708,8.5,.148,5.9,3.3,98,cambyma01
3,Shane Battier,29,HOU,11.0,175.0,620,0.282,80,36.3,9.3,5.1,1.9,1.0,1.1,.428,.377,.743,8.2,.135,4.6,1.9,103,battish01
4,Bruce Bowen,36,SAS,7.0,80.0,620,0.129,81,30.2,6.0,2.9,1.1,0.7,0.3,.407,.419,.652,4.4,.085,3.4,1.5,105,bowenbr01
5,Kobe Bryant,29,LAL,0.0,40.0,620,0.065,82,38.9,28.3,6.3,5.4,1.8,0.5,.459,.361,.840,13.8,.208,4.3,0.6,105,bryanko01
6,Josh Smith,22,ATL,1.0,34.0,620,0.055,81,35.5,17.2,8.2,3.4,1.5,2.8,.457,.253,.710,5.8,.097,4.6,2.5,103,smithjo03
7T,Dwight Howard,22,ORL,1.0,24.0,620,0.039,82,37.7,20.7,14.2,1.3,0.9,2.1,.599,.000,.590,12.9,.200,6.4,1.2,99,howardw01
7T,Chris Paul,22,NOH,1.0,24.0,620,0.039,80,37.6,21.1,4.0,11.6,2.7,0.1,.488,.369,.851,17.8,.284,4.6,3.2,103,paulch01
9,Tim Duncan,31,SAS,0.0,22.0,620,0.035,78,34.0,19.3,11.3,2.8,0.7,1.9,.497,.000,.730,11.1,.201,6.2,2.2,97,duncati01
10,Tayshaun Prince,27,DET,0.0,13.0,620,0.021,82,32.9,13.2,4.9,3.3,0.5,0.4,.448,.363,.768,7.5,.133,3.2,-0.1,106,princta01
11,Tyson Chandler,25,NOH,1.0,10.0,620,0.016,79,35.2,11.8,11.7,1.0,0.6,1.1,.623,.000,.593,10.0,.172,4.1,-0.2,104,chandty01
12,Rasheed Wallace,33,DET,0.0,9.0,620,0.015,77,30.5,12.7,6.6,1.8,1.2,1.7,.432,.356,.767,7.6,.155,5.1,2.6,98,wallara01
13T,Raja Bell,31,PHO,0.0,3.0,620,0.005,75,35.3,11.9,3.7,2.2,0.7,0.4,.421,.401,.868,4.5,.082,1.5,-0.5,111,bellra01
13T,Samuel Dalembert,26,PHI,0.0,3.0,620,0.005,82,33.2,10.5,10.4,0.5,0.5,2.3,.513,.000,.707,6.9,.121,4.3,0.5,103,dalemsa01
13T,Richard Hamilton,29,DET,0.0,3.0,620,0.005,72,33.7,17.3,3.3,4.2,1.0,0.1,.484,.440,.833,7.7,.152,2.9,0.1,106,hamilri01
16T,Chauncey Billups,31,DET,0.0,1.0,620,0.002,78,32.3,17.0,2.7,6.8,1.3,0.2,.448,.401,.918,13.5,.257,3.4,1.2,105,billuch01
16T,Andrei Kirilenko,26,UTA,0.0,1.0,620,0.002,72,30.8,11.0,4.7,4.0,1.2,1.5,.506,.379,.770,7.1,.154,2.8,2.0,105,kirilan01
16T,Kyle Lowry,21,MEM,0.0,1.0,620,0.002,82,25.5,9.6,3.0,3.6,1.1,0.3,.432,.257,.698,3.4,.078,1.3,0.3,111,lowryky01
16T,Rajon Rondo,21,BOS,0.0,1.0,620,0.002,77,29.9,10.6,4.2,5.1,1.7,0.2,.492,.263,.611,7.2,.150,4.9,2.6,98,rondora01
16T,Metta World Peace,28,SAC,0.0,1.0,620,0.002,57,38.1,20.5,5.8,3.5,2.3,0.7,.453,.380,.719,4.7,.103,2.2,0.7,108,artesro01
1,Marcus Camby,32,DEN,70.0,431.0,650,0.663,70,33.8,11.2,11.7,3.2,1.2,3.3,.473,.000,.729,7.6,.155,5.1,3.9,97,cambyma01
2,Bruce Bowen,35,SAS,22.0,206.0,650,0.317,82,30.0,6.2,2.7,1.4,0.8,0.3,.405,.384,.589,4.1,.079,3.6,1.4,103,bowenbr01
3,Tim Duncan,30,SAS,15.0,158.0,650,0.243,80,34.1,20.0,10.6,3.4,0.8,2.4,.546,.111,.637,13.0,.230,6.8,3.2,94,duncati01
4,Shawn Marion,28,PHO,7.0,93.0,650,0.143,80,37.6,17.5,9.8,1.7,2.0,1.5,.524,.317,.810,12.0,.191,5.3,1.9,100,mariosh01
5,Shane Battier,28,HOU,7.0,86.0,650,0.132,82,36.4,10.1,4.1,2.1,1.0,0.7,.446,.421,.779,9.0,.144,4.6,2.0,102,battish01
6,Ben Wallace,32,CHI,1.0,42.0,650,0.065,77,35.0,6.4,10.7,2.4,1.4,2.0,.453,.200,.408,8.2,.146,6.6,3.3,95,wallabe01
7,Gerald Wallace,24,CHA,3.0,27.0,650,0.042,72,36.7,18.1,7.2,2.6,2.0,1.0,.502,.325,.691,7.7,.141,3.5,1.5,104,wallage01
8,Metta World Peace,27,SAC,1.0,20.0,650,0.031,70,37.7,18.8,6.5,3.4,2.1,0.6,.440,.358,.740,6.7,.122,3.1,0.9,105,artesro01
9,Tyson Chandler,24,NOK,0.0,15.0,650,0.023,73,34.6,9.5,12.4,0.9,0.5,1.8,.624,.000,.527,7.9,.150,3.8,0.7,103,chandty01
10,Jermaine O'Neal,28,IND,1.0,11.0,650,0.017,69,35.6,19.4,9.6,2.4,0.7,2.6,.436,.000,.767,4.7,.091,4.1,1.2,101,onealje01
11T,Emeka Okafor,24,CHA,0.0,10.0,650,0.015,67,34.8,14.4,11.3,1.2,0.9,2.6,.532,,.593,7.1,.147,3.6,0.9,102,okafoem01
11T,Tayshaun Prince,26,DET,0.0,10.0,650,0.015,82,36.6,14.3,5.2,2.8,0.6,0.7,.460,.386,.768,8.0,.128,2.9,-0.4,107,princta01
13T,Kevin Garnett,30,MIN,0.0,7.0,650,0.011,76,39.4,22.4,12.8,4.1,1.2,1.7,.476,.214,.835,10.7,.171,4.9,1.7,101,garneke01
13T,Kirk Hinrich,26,CHI,0.0,7.0,650,0.011,80,35.5,16.6,3.4,6.3,1.3,0.3,.448,.415,.835,10.1,.171,4.6,1.1,102,hinriki01
13T,Andrei Kirilenko,25,UTA,0.0,7.0,650,0.011,70,29.3,8.3,4.7,2.9,1.1,2.1,.471,.213,.728,4.4,.104,2.9,3.1,103,kirilan01
16T,Dwight Howard,21,ORL,1.0,6.0,650,0.009,82,36.9,17.6,12.3,1.9,0.9,1.9,.603,.500,.586,9.7,.154,5.8,1.1,99,howardw01
16T,Quinton Ross,25,LAC,1.0,6.0,650,0.009,81,21.0,5.2,2.3,1.1,0.9,0.4,.467,.200,.782,3.2,.090,1.8,1.4,106,rossqu01
18T,Udonis Haslem,26,MIA,1.0,5.0,650,0.008,79,31.4,10.7,8.3,1.2,0.6,0.3,.492,.000,.680,5.1,.099,3.1,-0.8,105,hasleud01
18T,Josh Howard,26,DAL,0.0,5.0,650,0.008,70,35.1,18.9,6.8,1.8,1.2,0.8,.459,.385,.827,8.8,.173,3.8,0.4,102,howarjo01
20,Luol Deng,21,CHI,0.0,4.0,650,0.006,82,37.5,18.8,7.1,2.5,1.2,0.6,.517,.143,.777,11.3,.176,5.6,1.3,100,denglu01
21T,Caron Butler,26,WAS,0.0,3.0,650,0.005,63,39.3,19.1,7.4,3.7,2.1,0.3,.463,.250,.863,5.3,.103,1.9,-0.2,109,butleca01
21T,Josh Smith,21,ATL,0.0,3.0,650,0.005,72,36.8,16.4,8.6,3.3,1.4,2.9,.439,.250,.693,4.4,.079,4.0,1.7,102,smithjo03
23,Raja Bell,30,PHO,0.0,2.0,650,0.003,78,37.4,14.7,3.2,2.5,0.6,0.3,.432,.413,.776,5.8,.095,1.6,-0.6,110,bellra01
24T,Kobe Bryant,28,LAL,0.0,1.0,650,0.002,77,40.8,31.6,5.7,5.4,1.4,0.5,.463,.344,.868,13.0,.199,2.2,-0.5,109,bryanko01
24T,Devin Harris,23,DAL,0.0,1.0,650,0.002,80,26.0,10.2,2.5,3.7,1.2,0.3,.492,.280,.824,6.5,.151,2.9,1.6,104,harride01
24T,Andre Iguodala,23,PHI,0.0,1.0,650,0.002,76,40.3,18.2,5.7,5.7,2.0,0.4,.447,.310,.820,7.7,.120,3.6,1.1,105,iguodan01
24T,Yao Ming,26,HOU,0.0,1.0,650,0.002,48,33.8,25.0,9.4,2.0,0.4,2.0,.516,.000,.862,7.4,.220,3.4,1.9,98,mingya01
24T,Alonzo Mourning,36,MIA,0.0,1.0,650,0.002,77,20.4,8.6,4.5,0.2,0.2,2.3,.560,,.601,3.5,.107,2.5,1.2,102,mournal01
24T,Anthony Parker,31,TOR,0.0,1.0,650,0.002,73,33.4,12.4,3.9,2.1,1.0,0.2,.477,.441,.835,6.5,.127,2.1,0.4,108,parkean01
1,Ben Wallace,31,DET,58.0,420.0,620,0.677,82,35.2,7.3,11.3,1.9,1.8,2.2,.510,.000,.416,10.1,.168,6.9,3.1,95,wallabe01
2,Bruce Bowen,34,SAS,38.0,308.0,620,0.497,82,33.6,7.5,3.9,1.5,1.0,0.4,.433,.424,.607,6.2,.108,4.5,2.0,101,bowenbr01
3,Andrei Kirilenko,24,UTA,12.0,121.0,620,0.195,69,37.7,15.3,8.0,4.3,1.5,3.2,.460,.308,.699,7.9,.145,4.3,3.1,101,kirilan01
4,Metta World Peace,26,TOT,6.0,65.0,620,0.105,56,39.4,17.6,5.1,3.6,2.2,0.7,.404,.308,.675,3.7,.081,3.2,1.3,103,artesro01
5,Marcus Camby,31,DEN,3.0,55.0,620,0.089,56,33.2,12.8,11.9,2.1,1.4,3.3,.465,.091,.712,5.5,.141,4.5,3.3,95,cambyma01
6,Tim Duncan,29,SAS,3.0,42.0,620,0.068,80,34.8,18.6,11.0,3.2,0.9,2.0,.484,.400,.629,10.8,.187,6.9,2.6,94,duncati01
7,Shawn Marion,27,PHO,0.0,33.0,620,0.053,81,40.3,21.8,11.8,1.8,2.0,1.7,.525,.331,.809,14.6,.214,5.9,1.3,100,mariosh01
8,Alonzo Mourning,35,MIA,4.0,29.0,620,0.047,65,20.0,7.8,5.5,0.2,0.2,2.7,.597,.000,.594,4.8,.176,2.6,2.5,98,mournal01
9,Gerald Wallace,23,CHA,0.0,27.0,620,0.044,55,34.5,15.2,7.5,1.7,2.5,2.1,.538,.280,.614,6.4,.163,3.4,2.9,100,wallage01
10T,Shane Battier,27,MEM,0.0,3.0,620,0.005,81,35.0,10.1,5.3,1.7,1.1,1.4,.488,.394,.707,9.1,.153,4.5,1.8,102,battish01
10T,Elton Brand,26,LAC,0.0,3.0,620,0.005,79,39.2,24.7,10.0,2.6,1.0,2.5,.527,.333,.775,14.8,.229,5.5,1.6,100,brandel01
12,Andre Iguodala,22,PHI,0.0,2.0,620,0.003,82,37.6,12.3,5.9,3.1,1.6,0.3,.500,.354,.754,7.5,.116,2.6,0.4,108,iguodan01
13T,Raja Bell,29,PHO,0.0,1.0,620,0.002,79,37.5,14.7,3.2,2.6,1.0,0.3,.457,.442,.788,6.8,.110,2.1,0.1,109,bellra01
13T,P.J. Brown,36,NOK,0.0,1.0,620,0.002,75,31.7,9.0,7.3,1.2,0.6,0.7,.461,,.827,4.4,.088,2.3,-0.2,107,brownpj01
13T,Kevin Garnett,29,MIN,0.0,1.0,620,0.002,76,38.9,21.8,12.7,4.1,1.4,1.4,.526,.267,.810,14.9,.242,5.9,2.2,98,garneke01
13T,Eddie Jones,34,MEM,0.0,1.0,620,0.002,75,32.5,11.8,3.7,2.4,1.7,0.4,.404,.356,.781,7.2,.141,4.2,2.3,100,jonesed02
13T,Andrés Nocioni,26,CHI,0.0,1.0,620,0.002,82,27.3,13.0,6.1,1.4,0.5,0.6,.461,.391,.843,6.7,.144,3.4,0.9,102,nocioan01
13T,James Posey,29,MIA,0.0,1.0,620,0.002,67,28.6,7.2,4.8,1.3,0.8,0.3,.403,.403,.787,4.2,.104,2.4,1.0,105,poseyja01
13T,Tayshaun Prince,25,DET,0.0,1.0,620,0.002,82,35.3,14.1,4.2,2.3,0.8,0.5,.455,.350,.765,7.0,.115,3.0,-0.2,106,princta01
13T,Rasheed Wallace,31,DET,0.0,1.0,620,0.002,80,34.8,15.1,6.8,2.3,1.0,1.6,.430,.357,.743,8.9,.154,4.9,1.9,100,wallara01
1,Ben Wallace,30,DET,45.0,339.0,625,0.542,74,36.1,9.7,12.2,1.7,1.4,2.4,.453,.111,.428,8.5,.153,6.7,2.6,94,wallabe01
2,Bruce Bowen,33,SAS,33.0,247.0,625,0.395,82,32.0,8.2,3.5,1.5,0.7,0.5,.420,.403,.634,6.1,.111,4.0,1.2,102,bowenbr01
3,Marcus Camby,30,DEN,19.0,168.0,625,0.269,66,30.5,10.3,10.0,2.3,0.9,3.0,.465,.000,.723,5.8,.138,4.5,3.3,96,cambyma01
4,Tim Duncan,28,SAS,6.0,81.0,625,0.130,66,33.4,20.3,11.1,2.7,0.7,2.6,.496,.333,.670,11.2,.245,5.7,2.8,93,duncati01
5,Shawn Marion,26,PHO,5.0,57.0,625,0.091,81,38.8,19.4,11.3,1.9,2.0,1.5,.476,.334,.833,12.5,.191,5.2,1.3,101,mariosh01
6,Larry Hughes,26,WAS,3.0,53.0,625,0.085,61,38.7,22.0,6.3,4.7,2.9,0.3,.430,.282,.777,7.7,.157,3.1,1.9,104,hughela01
7,Tayshaun Prince,24,DET,6.0,46.0,625,0.074,82,37.1,14.7,5.3,3.0,0.7,0.9,.487,.341,.807,9.4,.149,4.0,0.7,104,princta01
8,Shaquille O'Neal,32,MIA,3.0,32.0,625,0.051,73,34.1,22.9,10.4,2.7,0.5,2.3,.601,,.461,11.0,.211,4.6,1.2,100,onealsh01
9,Kevin Garnett,28,MIN,4.0,30.0,625,0.048,82,38.1,22.2,13.5,5.7,1.5,1.4,.502,.240,.811,16.1,.248,6.0,3.0,99,garneke01
10,Andrei Kirilenko,23,UTA,1.0,25.0,625,0.040,41,32.9,15.6,6.2,3.2,1.6,3.3,.493,.299,.784,5.5,.197,2.0,3.7,102,kirilan01
11,Allen Iverson,29,PHI,0.0,10.0,625,0.016,75,42.3,30.7,4.0,7.9,2.4,0.1,.424,.308,.835,9.0,.136,3.7,0.0,105,iversal01
12T,Kirk Hinrich,24,CHI,0.0,6.0,625,0.010,77,36.4,15.7,3.9,6.4,1.6,0.3,.397,.355,.792,7.2,.124,4.7,1.6,101,hinriki01
12T,Joel Przybilla,25,POR,0.0,6.0,625,0.010,76,24.4,6.4,7.7,1.0,0.3,2.1,.598,,.517,4.7,.121,2.7,1.4,103,przybjo01
14T,Trenton Hassell,25,MIN,0.0,4.0,625,0.006,82,25.2,6.6,2.7,1.6,0.4,0.4,.474,.091,.789,2.7,.063,1.0,-0.4,111,hassetr01
14T,Andre Iguodala,21,PHI,0.0,4.0,625,0.006,82,32.8,9.0,5.7,3.0,1.7,0.6,.493,.331,.743,6.6,.118,4.0,2.1,102,iguodan01
16T,Rasheed Wallace,30,DET,0.0,3.0,625,0.005,79,34.0,14.5,8.2,1.8,0.8,1.5,.440,.318,.697,7.1,.127,5.1,1.2,99,wallara01
16T,David Wesley,34,TOT,0.0,3.0,625,0.005,80,34.7,11.9,2.9,3.3,1.2,0.1,.398,.375,.857,5.2,.089,2.8,0.6,106,wesleda01
18T,Tyson Chandler,22,CHI,0.0,2.0,625,0.003,80,27.4,8.0,9.7,0.8,0.9,1.8,.494,.000,.673,8.3,.183,5.5,2.7,94,chandty01
18T,Manu Ginóbili,27,SAS,0.0,2.0,625,0.003,74,29.6,16.0,4.4,3.9,1.6,0.4,.471,.376,.803,11.0,.240,4.6,2.8,98,ginobma01
18T,Josh Howard,24,DAL,0.0,2.0,625,0.003,76,32.2,12.6,6.4,1.4,1.5,0.6,.475,.296,.733,6.4,.126,3.4,0.8,103,howarjo01
21T,Shane Battier,26,MEM,0.0,1.0,625,0.002,80,31.5,9.9,5.2,1.6,1.1,1.0,.442,.395,.789,7.8,.149,3.4,1.3,103,battish01
21T,Dwight Howard,19,ORL,0.0,1.0,625,0.002,82,32.6,12.0,10.0,0.9,0.9,1.7,.520,.000,.671,7.3,.131,3.5,-0.1,104,howardw01
21T,Andrés Nocioni,25,CHI,0.0,1.0,625,0.002,81,23.4,8.4,4.8,1.5,0.5,0.4,.401,.258,.766,2.5,.062,3.3,1.1,100,nocioan01
21T,Emeka Okafor,22,CHA,0.0,1.0,625,0.002,73,35.6,15.1,10.9,0.9,0.8,1.7,.447,.000,.609,4.0,.074,3.1,-1.3,105,okafoem01
21T,Dwyane Wade,23,MIA,0.0,1.0,625,0.002,77,38.6,24.1,5.2,6.8,1.6,1.1,.478,.289,.762,11.0,.177,4.3,0.7,103,wadedw01
1,Metta World Peace,24,IND,80.0,476.0,605,0.787,73,37.2,18.3,5.3,3.7,2.1,0.7,.421,.310,.733,8.0,.141,5.2,1.9,96,artesro01
2,Ben Wallace,29,DET,26.0,325.0,605,0.537,81,37.7,9.5,12.4,1.7,1.8,3.0,.421,.125,.490,10.2,.160,9.1,3.3,87,wallabe01
3,Theo Ratliff,30,TOT,8.0,90.0,605,0.149,85,31.3,7.9,7.2,0.8,0.6,3.6,.485,,.645,5.2,.094,3.4,2.3,101,ratlith01
4,Bruce Bowen,32,SAS,4.0,76.0,605,0.126,82,32.0,6.9,3.1,1.4,1.0,0.4,.420,.363,.579,5.4,.098,4.6,2.2,97,bowenbr01
5,Andrei Kirilenko,22,UTA,2.0,67.0,605,0.111,78,37.1,16.5,8.1,3.1,1.9,2.8,.443,.338,.790,11.6,.192,5.0,2.9,97,kirilan01
6,Kevin Garnett,27,MIN,0.0,36.0,605,0.060,82,39.4,24.2,13.9,5.0,1.5,2.2,.499,.256,.791,18.3,.272,8.0,3.3,92,garneke01
7,Tim Duncan,27,SAS,0.0,8.0,605,0.013,69,36.6,22.3,12.4,3.1,0.9,2.7,.501,.167,.599,13.1,.249,7.2,3.3,89,duncati01
8,Clifford Robinson,37,GSW,1.0,5.0,605,0.008,82,34.7,11.8,3.9,3.3,0.8,0.9,.387,.357,.711,2.0,.033,2.1,0.0,105,robincl02
9,Kenyon Martin,26,NJN,0.0,2.0,605,0.003,65,34.6,16.7,9.5,2.5,1.5,1.3,.488,.280,.684,6.7,.142,5.1,1.8,93,martike01
10T,Kobe Bryant,25,LAL,0.0,1.0,605,0.002,65,37.6,24.0,5.5,5.1,1.7,0.4,.438,.327,.852,10.7,.210,3.0,0.5,102,bryanko01
10T,Shaquille O'Neal,31,LAL,0.0,1.0,605,0.002,67,36.8,21.5,11.5,2.9,0.5,2.5,.584,,.490,9.9,.192,4.0,1.0,98,onealsh01
10T,James Posey,27,MEM,0.0,1.0,605,0.002,82,29.9,13.7,4.9,1.5,1.7,0.5,.478,.386,.830,10.0,.195,3.2,1.4,101,poseyja01
10T,Earl Watson,24,MEM,0.0,1.0,605,0.002,81,20.6,5.7,2.2,5.0,1.1,0.2,.371,.245,.652,1.8,.052,1.7,0.3,103,watsoea01
1,Ben Wallace,28,DET,100.0,531.0,585,0.908,73,39.4,6.9,15.4,1.6,1.4,3.2,.481,.167,.450,10.6,.176,7.9,3.5,90,wallabe01
2,Metta World Peace,23,IND,2.0,122.0,585,0.209,69,33.6,15.5,5.2,2.9,2.3,0.7,.428,.336,.736,7.2,.150,4.1,2.3,98,artesro01
3,Kevin Garnett,26,MIN,8.0,121.0,585,0.207,82,40.5,23.0,13.4,6.0,1.4,1.6,.502,.282,.751,15.6,.225,5.8,2.4,98,garneke01
4,Tim Duncan,26,SAS,2.0,90.0,585,0.154,81,39.3,23.3,12.9,3.9,0.7,2.9,.513,.273,.710,16.5,.248,6.9,2.5,94,duncati01
5,Doug Christie,32,SAC,5.0,85.0,585,0.145,80,33.9,9.4,4.3,4.7,2.3,0.5,.479,.395,.810,8.9,.157,4.7,3.2,98,chrisdo01
6,Allen Iverson,27,PHI,0.0,29.0,585,0.050,82,42.5,27.6,4.2,5.5,2.7,0.2,.414,.277,.774,9.2,.127,4.2,0.2,102,iversal01
7,Bruce Bowen,31,SAS,0.0,20.0,585,0.034,82,31.3,7.1,2.9,1.4,0.8,0.5,.466,.441,.404,5.1,.096,2.7,1.0,103,bowenbr01
8,Kobe Bryant,24,LAL,0.0,16.0,585,0.027,82,41.5,30.0,6.9,5.9,2.2,0.8,.451,.383,.843,14.9,.210,4.0,0.7,103,bryanko01
9,Theo Ratliff,29,ATL,0.0,15.0,585,0.026,81,31.1,8.7,7.5,0.9,0.7,3.2,.464,,.720,4.0,.077,3.4,1.8,101,ratlith01
10,Eric Snow,29,PHI,0.0,6.0,585,0.010,82,37.9,12.9,3.7,6.6,1.6,0.1,.452,.219,.858,8.4,.130,2.7,0.3,105,snower01
11,Gary Payton,34,TOT,0.0,5.0,585,0.009,80,40.1,20.4,4.2,8.3,1.7,0.3,.454,.297,.710,9.1,.136,2.1,-0.6,107,paytoga01
12,Kenyon Martin,25,NJN,0.0,4.0,585,0.007,77,34.1,16.7,8.3,2.4,1.3,0.9,.470,.209,.653,7.1,.129,5.3,1.2,96,martike01
13T,Adonal Foyle,27,GSW,0.0,3.0,585,0.005,82,21.8,5.4,6.0,0.5,0.5,2.5,.536,.000,.673,4.0,.106,1.7,1.7,104,foylead01
13T,Shawn Marion,24,PHO,0.0,3.0,585,0.005,81,41.6,21.2,9.5,2.4,2.3,1.2,.452,.387,.851,13.0,.186,5.8,1.7,98,mariosh01
13T,Shaquille O'Neal,30,LAL,0.0,3.0,585,0.005,67,37.8,27.5,11.1,3.1,0.6,2.4,.574,,.622,13.2,.250,3.0,0.1,102,onealsh01
1,Ben Wallace,27,DET,116.0,116.0,120,0.967,80,36.5,7.6,13.0,1.4,1.7,3.5,.531,.000,.423,11.6,.190,7.2,3.3,93,wallabe01
2,Kevin Garnett,25,MIN,2.0,2.0,120,0.017,81,39.2,21.2,12.1,5.2,1.2,1.6,.470,.319,.801,12.8,.194,4.9,1.8,101,garneke01
3T,Kobe Bryant,23,LAL,1.0,1.0,120,0.008,80,38.3,25.2,5.5,5.5,1.5,0.4,.469,.250,.829,12.7,.199,3.8,0.3,103,bryanko01
3T,Dikembe Mutombo,35,PHI,1.0,1.0,120,0.008,80,36.3,11.5,10.8,1.0,0.4,2.4,.501,,.764,9.6,.158,5.5,1.2,98,mutomdi01
1,Dikembe Mutombo,34,TOT,48.0,48.0,123,0.390,75,34.5,10.0,13.5,1.0,0.4,2.7,.484,,.725,8.1,.151,4.7,1.3,97,mutomdi01
2,Kevin Garnett,24,MIN,26.0,26.0,123,0.211,81,39.5,22.0,11.4,5.0,1.4,1.8,.477,.288,.764,11.8,.176,4.8,1.4,99,garneke01
3,Tim Duncan,24,SAS,14.0,14.0,123,0.114,82,38.7,22.2,12.2,3.0,0.9,2.3,.499,.259,.618,13.2,.200,7.1,1.8,94,duncati01
4,Doug Christie,30,SAC,9.0,9.0,123,0.073,81,36.3,12.3,4.4,3.6,2.3,0.6,.395,.376,.897,8.7,.141,4.4,2.3,99,chrisdo01
5T,David Robinson,35,SAS,6.0,6.0,123,0.049,80,29.6,14.4,8.6,1.5,1.0,2.5,.486,.000,.747,12.1,.246,5.7,2.7,92,robinda01
5T,Ben Wallace,26,DET,6.0,6.0,123,0.049,80,34.5,6.4,13.2,1.5,1.3,2.3,.490,.250,.336,7.0,.121,6.0,2.5,94,wallabe01
7,Theo Ratliff,27,PHI,4.0,4.0,123,0.033,50,36.0,12.4,8.3,1.2,0.6,3.7,.499,,.760,5.2,.138,3.5,2.7,96,ratlith01
8T,Bruce Bowen,29,MIA,2.0,2.0,123,0.016,82,32.7,7.6,3.0,1.6,1.0,0.6,.363,.336,.609,4.2,.075,3.7,1.5,100,bowenbr01
8T,Anthony Mason,34,MIA,2.0,2.0,123,0.016,80,40.7,16.1,9.6,3.1,1.0,0.3,.482,,.781,11.6,.171,5.6,1.1,98,masonan01
8T,Shaquille O'Neal,28,LAL,2.0,2.0,123,0.016,74,39.5,28.7,12.7,3.7,0.6,2.8,.572,.000,.513,14.9,.245,3.9,0.7,101,onealsh01
11T,Kobe Bryant,22,LAL,1.0,1.0,123,0.008,68,40.9,28.5,5.9,5.0,1.7,0.6,.464,.305,.853,11.3,.196,2.2,-0.3,105,bryanko01
11T,Allen Iverson,25,PHI,1.0,1.0,123,0.008,71,42.0,31.1,3.8,4.6,2.5,0.3,.420,.320,.814,11.8,.190,4.5,1.1,99,iversal01
11T,Jason Kidd,27,PHO,1.0,1.0,123,0.008,77,39.8,16.9,6.4,9.8,2.2,0.3,.411,.297,.814,9.6,.150,5.4,1.7,97,kiddja01
11T,Shawn Marion,22,PHO,1.0,1.0,123,0.008,79,36.2,17.3,10.7,2.0,1.7,1.4,.480,.256,.810,11.7,.196,6.4,1.8,93,mariosh01
1,Alonzo Mourning,29,MIA,62.0,62.0,121,0.512,79,34.8,21.7,9.5,1.6,0.5,3.7,.551,.000,.711,12.9,.226,5.6,2.2,96,mournal01
2,Shaquille O'Neal,27,LAL,21.0,21.0,121,0.174,79,40.0,29.7,13.6,3.8,0.5,3.0,.574,.000,.524,18.6,.283,7.0,2.0,95,onealsh01
3T,Eddie Jones,28,CHH,11.0,11.0,121,0.091,72,39.0,20.1,4.8,4.2,2.7,0.7,.427,.375,.864,10.1,.172,4.4,2.0,100,jonesed02
3T,Dikembe Mutombo,33,ATL,11.0,11.0,121,0.091,82,36.4,11.5,14.1,1.3,0.3,3.3,.562,,.708,9.9,.160,4.3,1.5,101,mutomdi01
5T,Kobe Bryant,21,LAL,4.0,4.0,121,0.033,66,38.2,22.5,6.3,4.9,1.6,0.9,.468,.319,.821,10.6,.202,4.5,1.6,98,bryanko01
5T,Gary Payton,31,SEA,4.0,4.0,121,0.033,82,41.8,24.2,6.5,8.9,1.9,0.2,.448,.340,.735,13.9,.195,3.5,0.7,104,paytoga01
7,Kevin Garnett,23,MIN,2.0,2.0,121,0.017,81,40.0,22.9,11.8,5.0,1.5,1.6,.497,.370,.765,11.6,.172,5.6,1.7,99,garneke01
8T,Kendall Gill,31,NJN,1.0,1.0,121,0.008,76,31.0,13.1,3.7,2.8,1.8,0.5,.414,.256,.710,3.7,.076,2.1,0.7,105,gillke01
8T,Jason Kidd,26,PHO,1.0,1.0,121,0.008,67,39.0,14.3,7.2,10.1,2.0,0.4,.409,.337,.829,8.5,.156,4.8,2.0,98,kiddja01
8T,Anthony Mason,33,CHH,1.0,1.0,121,0.008,82,38.2,11.6,8.5,4.5,0.9,0.4,.480,.000,.746,8.9,.136,3.9,0.7,102,masonan01
8T,Bo Outlaw,28,ORL,1.0,1.0,121,0.008,82,28.4,6.0,6.4,3.0,1.4,1.8,.602,.000,.506,6.8,.140,4.0,3.6,99,outlabo01
8T,Scottie Pippen,34,POR,1.0,1.0,121,0.008,82,33.5,12.5,6.3,5.0,1.4,0.5,.451,.327,.717,7.8,.137,4.4,1.7,99,pippesc01
8T,Clifford Robinson,33,PHO,1.0,1.0,121,0.008,80,35.5,18.5,4.5,2.8,1.1,0.8,.464,.370,.782,9.6,.162,3.9,0.4,101,robincl02
1,Alonzo Mourning,28,MIA,89.0,89.0,118,0.754,46,38.1,20.1,11.0,1.6,0.7,3.9,.511,.000,.652,7.9,.216,3.9,2.2,93,mournal01
2,Dikembe Mutombo,32,ATL,10.0,10.0,118,0.085,50,36.6,10.8,12.2,1.1,0.3,2.9,.512,,.684,7.9,.206,4.2,2.5,92,mutomdi01
3,Gary Payton,30,SEA,6.0,6.0,118,0.051,50,40.2,21.7,4.9,8.7,2.2,0.2,.434,.295,.721,7.2,.172,1.2,0.0,106,paytoga01
4,David Robinson,33,SAS,3.0,3.0,118,0.025,49,31.7,15.8,10.0,2.1,1.4,2.4,.509,.000,.658,8.4,.261,4.4,3.5,88,robinda01
5T,Tim Duncan,22,SAS,2.0,2.0,118,0.017,50,39.3,21.7,11.4,2.4,0.9,2.5,.495,.143,.690,8.7,.213,4.7,1.8,91,duncati01
5T,Theo Ratliff,25,PHI,2.0,2.0,118,0.017,50,32.5,11.2,8.1,0.6,0.9,3.0,.470,,.725,5.4,.159,3.3,2.0,94,ratlith01
7T,Michael Curry,30,MIL,1.0,1.0,118,0.008,50,22.9,4.9,2.2,1.6,0.8,0.1,.437,.067,.797,1.7,.070,0.8,0.7,105,currymi01
7T,Kevin Garnett,22,MIN,1.0,1.0,118,0.008,47,37.9,20.8,10.4,4.3,1.7,1.8,.460,.286,.704,5.4,.146,3.0,1.7,97,garneke01
7T,Eddie Jones,27,TOT,1.0,1.0,118,0.008,50,37.6,15.6,3.9,3.7,2.5,1.2,.437,.338,.782,6.0,.153,2.2,2.1,101,jonesed02
7T,Hakeem Olajuwon,36,HOU,1.0,1.0,118,0.008,50,35.7,18.9,9.6,1.8,1.6,2.5,.514,.308,.717,6.5,.175,3.3,1.8,96,olajuha01
7T,Scottie Pippen,33,HOU,1.0,1.0,118,0.008,50,40.2,14.5,6.5,5.9,2.0,0.7,.432,.340,.721,4.9,.116,2.3,1.1,101,pippesc01
7T,Clifford Robinson,32,PHO,1.0,1.0,118,0.008,50,34.8,16.4,4.5,2.6,1.5,1.2,.475,.417,.697,5.3,.146,1.7,0.6,103,robincl02
1,Dikembe Mutombo,31,ATL,39.0,39.0,116,0.336,82,35.6,13.4,11.4,1.0,0.4,3.4,.537,,.670,10.8,.177,5.2,1.4,99,mutomdi01
2,Gary Payton,29,SEA,37.0,37.0,116,0.319,82,38.4,19.2,4.6,8.3,2.3,0.2,.453,.338,.744,12.5,.190,4.0,0.7,103,paytoga01
3,David Robinson,32,SAS,10.0,10.0,116,0.086,73,33.7,21.6,10.6,2.7,0.9,2.6,.511,.250,.735,13.8,.269,6.0,2.9,94,robinda01
4,Michael Jordan,34,CHI,6.0,6.0,116,0.052,82,38.8,28.7,5.8,3.5,1.7,0.5,.465,.238,.784,15.8,.238,5.4,1.0,100,jordami01
5T,Mookie Blaylock,30,ATL,4.0,4.0,116,0.034,70,38.6,13.2,4.9,6.7,2.6,0.3,.392,.269,.709,5.6,.099,3.7,1.5,102,blaylmo01
5T,Tim Duncan,21,SAS,4.0,4.0,116,0.034,82,39.1,21.1,11.9,2.7,0.7,2.5,.549,.000,.662,12.8,.192,7.2,2.0,95,duncati01
5T,Bo Outlaw,26,ORL,4.0,4.0,116,0.034,82,36.0,9.5,7.8,2.6,1.3,2.2,.554,.250,.575,7.6,.124,4.5,2.7,101,outlabo01
5T,Dennis Rodman,36,CHI,4.0,4.0,116,0.034,80,35.7,4.7,15.0,2.9,0.6,0.2,.431,.174,.550,7.8,.131,5.9,0.4,97,rodmade01
9T,Anthony Mason,31,CHH,2.0,2.0,116,0.017,81,38.9,12.8,10.2,4.2,0.8,0.2,.509,.000,.649,9.3,.141,3.5,0.6,104,masonan01
9T,Scottie Pippen,32,CHI,2.0,2.0,116,0.017,44,37.5,19.1,5.2,5.8,1.8,1.0,.447,.318,.777,6.6,.193,3.0,1.6,99,pippesc01
11T,Kevin Garnett,21,MIN,1.0,1.0,116,0.009,82,39.3,18.5,9.6,4.2,1.7,1.8,.491,.188,.738,9.6,.143,4.2,1.5,103,garneke01
11T,Kendall Gill,29,NJN,1.0,1.0,116,0.009,81,33.7,13.4,4.8,2.5,1.9,0.8,.429,.257,.688,5.9,.104,3.0,1.5,105,gillke01
11T,Horace Grant,32,ORL,1.0,1.0,116,0.009,76,36.9,12.1,8.1,2.3,1.1,1.0,.459,.000,.678,7.1,.122,3.6,0.8,103,grantho01
11T,Brevin Knight,22,CLE,1.0,1.0,116,0.009,80,31.0,9.0,3.2,8.2,2.5,0.2,.441,.000,.801,8.4,.163,4.9,3.1,97,knighbr01
